postTitle,postUrl,votes,postedBy,postedAt,comments
Ronald has been washed lately........,https://www.reddit.com/r/ronaldo/comments/u1co7c/ronald_has_been_washed_lately/,0,u/Hot-River-6698,2 hours ago,0
Ronaldo smashing kid‚Äôs phone after losing match,https://www.reddit.com/r/ronaldo/comments/u09x3p/ronaldo_smashing_kids_phone_after_losing_match/,3,u/holycrapfam,2 days ago,0
WATCH: Cristiano Ronaldo smashes fan's mobile phone in anger after Man United's loss to Everton,https://www.reddit.com/r/ronaldo/comments/tzy69w/watch_cristiano_ronaldo_smashes_fans_mobile_phone/,3,u/SportSpirit,2 days ago,0
Ronaldo's impossible promise to the press in 2017 !,https://www.reddit.com/r/ronaldo/comments/tzrifp/ronaldos_impossible_promise_to_the_press_in_2017/,2,u/Dry-Bison-3888,2 days ago,0
Premier League All Time XI,https://www.reddit.com/r/ronaldo/comments/tz6mk2/premier_league_all_time_xi/,1,u/Born-Look-3860,3 days ago,0
Ronaldo Is King!,https://www.reddit.com/r/ronaldo/comments/tw63hb/ronaldo_is_king/,2,u/Melodican,7 days ago,0
‚ÄúAll he does is pass around the ball‚Äù ‚Äì Hasbulla with a scathing review of Cristiano Ronaldo,https://www.reddit.com/r/ronaldo/comments/tvv01w/all_he_does_is_pass_around_the_ball_hasbulla_with/,1,u/ABARRONSINGH007,8 days ago,0
Cristiano Ronaldo has all abilities to become United manager claims club's strength and conditioning coach,https://www.reddit.com/r/ronaldo/comments/ts2kvk/cristiano_ronaldo_has_all_abilities_to_become/,1,u/SportSpirit,12 days ago,1
Cristiano Ronaldo opens up about retirement ahead of match against North Macedonia,https://www.reddit.com/r/ronaldo/comments/tr5bv4/cristiano_ronaldo_opens_up_about_retirement_ahead/,2,u/SportSpirit,13 days ago,0
Sui Dynasty,https://www.reddit.com/r/ronaldo/comments/tprefq/sui_dynasty/,9,u/ZealisRealYT,15 days ago,0
400mil celebration video,https://www.reddit.com/r/ronaldo/comments/tmup3e/400mil_celebration_video/,1,u/Shalaomy,18 days ago,0
watch Ronaldo comeback here,https://www.reddit.com/r/ronaldo/comments/tdsrvh/watch_ronaldo_comeback_here/,4,u/UltraMeb,28 days ago,0
Legend Cristiano arrived at the training ground in his new car‚ù§,https://www.reddit.com/r/ronaldo/comments/tdz23o/legend_cristiano_arrived_at_the_training_ground/,2,u/boqorka_shanta,28 days ago,1
Make sure to join and contribute to r/ElBicho a properly managed Ronaldo Subreddit ‚ù§Ô∏è‚ù§Ô∏è‚ù§Ô∏è,https://www.reddit.com/r/ronaldo/comments/tdskls/make_sure_to_join_and_contribute_to_relbicho_a/,3,u/Seo-ye-Ji,28 days ago,0
Cristiano Ronaldo Mona Lisa,https://www.reddit.com/r/ronaldo/comments/tdgp39/cristiano_ronaldo_mona_lisa/,5,u/trailer8k,1 month ago,0
Cristiano Ronaldo's Hat-Trick vs Tottenham seen from all angles at Old Trafford.,https://www.reddit.com/r/ronaldo/comments/tcvyya/cristiano_ronaldos_hattrick_vs_tottenham_seen/,9,u/v-d-c,1 month ago,1
WATCH: Cristiano Ronaldo scores record-breaking hat-trick against Tottenham Hotspur; helps Man United win 3-2 in a thriller,https://www.reddit.com/r/ronaldo/comments/td0671/watch_cristiano_ronaldo_scores_recordbreaking/,5,u/SportSpirit,1 month ago,0
Conte Shows Respect To Ronaldo,https://www.reddit.com/r/ronaldo/comments/tcqajz/conte_shows_respect_to_ronaldo/,5,u/E60LNDN,1 month ago,0
Ronaldo angry !!! #cristianoronaldo #ronaldo #manchesterunited,https://www.reddit.com/r/ronaldo/comments/tbpq7u/ronaldo_angry_cristianoronaldo_ronaldo/,3,u/Express_Sentence_203,1 month ago,1
Ronaldo angry !!! #cristianoronaldo #ronaldo #manchesterunited,https://www.reddit.com/r/ronaldo/comments/tbpnnf/ronaldo_angry_cristianoronaldo_ronaldo/,1,u/Dry-Bison-3888,1 month ago,0
Cristiano Ronaldo's incredible transformation !,https://www.reddit.com/r/ronaldo/comments/tarzu8/cristiano_ronaldos_incredible_transformation/,4,u/Dry-Bison-3888,1 month ago,1
Abdu Rozik Willy Wonka Hasbulla and Ronaldo spotted in Rochdale https://amazon.co.uk/dp/B09V3CXP2N,https://www.reddit.com/r/ronaldo/comments/tabinl/abdu_rozik_willy_wonka_hasbulla_and_ronaldo/,2,u/Swimming_Raccoon1361,1 month ago,1
Ronaldo Has Committed to Fighting On Front-Lines For Ukraine,https://www.reddit.com/r/ronaldo/comments/t9xulg/ronaldo_has_committed_to_fighting_on_frontlines/,1,u/Various_Law_3714,1 month ago,0
Siiiiii,https://www.reddit.com/r/ronaldo/comments/t82iqr/siiiiii/,2,u/Abdulrahmanjaffal1,1 month ago,0
Ronaldo jr and Rooney jr are both in that youth team. Imagine if they make it to the first team.,https://www.reddit.com/r/ronaldo/comments/t7eqzs/ronaldo_jr_and_rooney_jr_are_both_in_that_youth/,3,u/MappyPages22,1 month ago,6
Elanga knew Ronaldo would Score !,https://www.reddit.com/r/ronaldo/comments/su0g1w/elanga_knew_ronaldo_would_score/,2,u/SpiderBoyGaming,2 months ago,0
Financial Stress Can Be Critical To Your Overall Health ‚Äì Here‚Äôs How To Deal With It,https://www.reddit.com/r/ronaldo/comments/sq1nlg/financial_stress_can_be_critical_to_your_overall/,2,u/businesstells,2 months ago,0
:(,https://www.reddit.com/r/ronaldo/comments/spow36/_/,1,u/chochorizo,2 months ago,0
BURNLEY VS MAN U,https://www.reddit.com/r/ronaldo/comments/snxvsj/burnley_vs_man_u/,9,u/PokemonAndFortnite,2 months ago,0
Watch Cristiano Ronaldo Dribbling skills and nutmeg (Part-1),https://www.reddit.com/r/ronaldo/comments/sn84kv/watch_cristiano_ronaldo_dribbling_skills_and/,7,u/CrowneeFC,2 months ago,0
This time he will score tomorrow!,https://www.reddit.com/r/ronaldo/comments/sn2wnu/this_time_he_will_score_tomorrow/,1,,,2
Happy bday to the GOAT CR7!!!!!üòéüòé,https://www.reddit.com/r/ronaldo/comments/slfolw/happy_bday_to_the_goat_cr7/,4,u/Say_siuuuu13,2 months ago,0
Birthday,https://www.reddit.com/r/ronaldo/comments/skrinc/birthday/,7,u/Nervous-Resolution-8,2 months ago,0
Premier League: 2 indications that Cristiano Ronaldo could leave Manchester United in the summer,https://www.reddit.com/r/ronaldo/comments/rz0e7n/premier_league_2_indications_that_cristiano/,2,u/martina22acm,3 months ago,1
Who love cr7?,https://www.reddit.com/r/ronaldo/comments/rwo9n1/who_love_cr7/,2,u/abdelcr7,3 months ago,4
Cristiano Ronaldo ‚óè The Greatest ACHIEVEMENTS,https://www.reddit.com/r/ronaldo/comments/rx26by/cristiano_ronaldo_the_greatest_achievements/,2,u/soccervibes07,3 months ago,0
Why Ronaldo mother tried to abort him when she was on pregnncy?,https://www.reddit.com/r/ronaldo/comments/rv157t/why_ronaldo_mother_tried_to_abort_him_when_she/,0,u/Iowgosh,3 months ago,1
A good motivational video,https://www.reddit.com/r/ronaldo/comments/rjsbkz/a_good_motivational_video/,2,u/yuvraj1206,4 months ago,1
Mabel Kape does Ronaldo SUIII Celebration ! (CR7 Inspired üî•),https://www.reddit.com/r/ronaldo/comments/rjejgj/mabel_kape_does_ronaldo_suiii_celebration_cr7/,1,u/SpiderBoyGaming,4 months ago,0
Cristiano ronaldo siuuu stickers,https://www.reddit.com/r/ronaldo/comments/rijaip/cristiano_ronaldo_siuuu_stickers/,2,u/Beginning_Pool_2313,4 months ago,0
Cristiano Ronaldo secret,https://www.reddit.com/r/ronaldo/comments/rfun6e/cristiano_ronaldo_secret/,2,u/trailer8k,4 months ago,0
Ronaldo is the highest paid with $1.6 million - How much money do celebrities get for an Instagram post?,https://www.reddit.com/r/ronaldo/comments/rebvvq/ronaldo_is_the_highest_paid_with_16_million_how/,6,u/yung_quan,4 months ago,0
Ronaldo Suiii Christmas Edition,https://www.reddit.com/r/ronaldo/comments/rcv8we/ronaldo_suiii_christmas_edition/,3,u/frenzzy_playzz,4 months ago,0
A poster i made!,https://www.reddit.com/r/ronaldo/comments/rbk0zg/a_poster_i_made/,7,u/memegod01134,4 months ago,0
Footballs Hottest Wives,https://www.reddit.com/r/ronaldo/comments/rb6ud3/footballs_hottest_wives/,3,u/Comprehensive_Bee996,4 months ago,2
The real reason Ronaldo is better than Messi (backed by evidence),https://www.reddit.com/r/ronaldo/comments/rb2end/the_real_reason_ronaldo_is_better_than_messi/,5,u/Free_CurryAU,4 months ago,0
Is Cristiano Ronaldo The Problem At Manchester United? This Video Explains All,https://www.reddit.com/r/ronaldo/comments/r9t5zg/is_cristiano_ronaldo_the_problem_at_manchester/,3,u/Born-Look-3860,4 months ago,0
[Motivational Speech] ~ No Fear,https://www.reddit.com/r/ronaldo/comments/r9qe0r/motivational_speech_no_fear/,2,u/Relaxmusic833,4 months ago,0
RONALDO penaltyüî•ü•∂ #Ronaldo #football #premierleague,https://www.reddit.com/r/ronaldo/comments/r8zbrx/ronaldo_penalty_ronaldo_football_premierleague/,2,u/FootballFantasy99,4 months ago,0
So satisfying with Arabic commentary üëå ü•µü§§,https://www.reddit.com/r/ronaldo/comments/r86qtf/so_satisfying_with_arabic_commentary/,2,u/Blazeplays444,4 months ago,2
Suuuiii,https://www.reddit.com/r/ronaldo/comments/r7rm38/suuuiii/,2,u/ferrisr6,4 months ago,1
SUIIIIIIIIIIII,https://www.reddit.com/r/ronaldo/comments/r5yf2v/suiiiiiiiiiiii/,1,u/Blazeplays444,4 months ago,0
Ronny sins for the matchweek what's your opinion on his play for united thus far,https://www.reddit.com/r/ronaldo/comments/r5sco9/ronny_sins_for_the_matchweek_whats_your_opinion/,6,u/KonUsesReddit,4 months ago,1
CR7 or LM,https://www.reddit.com/r/ronaldo/comments/r5jyxx/cr7_or_lm/,3,u/Rich-Ad6647,4 months ago,2
Ronaldo Pixel Art,https://www.reddit.com/r/ronaldo/comments/r4w65n/ronaldo_pixel_art/,2,u/rictrunks,4 months ago,0
RONALDO the üêê ü•∂üíØüî•,https://www.reddit.com/r/ronaldo/comments/r44gax/ronaldo_the/,2,u/FootballFantasy99,4 months ago,1
RONALDO the üêê goat #Ronaldo #football #youtubeshort,https://www.reddit.com/r/ronaldo/comments/r445hf/ronaldo_the_goat_ronaldo_football_youtubeshort/,1,u/FootballFantasy99,4 months ago,2
How Ralf Rangnick Will Set Up Manchester United | Starting XI Formation...,https://www.reddit.com/r/ronaldo/comments/r2udj7/how_ralf_rangnick_will_set_up_manchester_united/,2,u/markanthonyadams,5 months ago,0
SIUUUUUUUUUUUUUUU,https://www.reddit.com/r/ronaldo/comments/r2a6n7/siuuuuuuuuuuuuuuu/,6,u/essvee14,5 months ago,3
Did Ronaldo CR7 ever wear Juventus captain armband?,https://www.reddit.com/r/ronaldo/comments/r0ggc6/did_ronaldo_cr7_ever_wear_juventus_captain_armband/,2,u/Master_Teaching_1822,5 months ago,1
‚ÄúTalent without working hard is nothing.‚Äù Cristiano Ronaldo,https://www.reddit.com/r/ronaldo/comments/r02eno/talent_without_working_hard_is_nothing_cristiano/,2,u/Relaxmusic833,5 months ago,0
Just GOAT stuff,https://www.reddit.com/r/ronaldo/comments/qzhcve/just_goat_stuff/,1,u/Shreydcr7,5 months ago,0
How Cristiano Ronaldo Became a Billionaire,https://www.reddit.com/r/ronaldo/comments/qyzrms/how_cristiano_ronaldo_became_a_billionaire/,2,u/Tiny_Shame9559,5 months ago,0
Cristiano Ronaldo Million Dollar Car Collection 2021 | The Rich and Famous Drive,https://www.reddit.com/r/ronaldo/comments/qwmnnl/cristiano_ronaldo_million_dollar_car_collection/,2,u/thiscariscool,5 months ago,0
Sui,https://www.reddit.com/r/ronaldo/comments/qttc93/sui/,1,u/Unlucky-Lack-8581,5 months ago,1
Cristiano ronaldo,https://www.reddit.com/r/ronaldo/comments/qd3gmp/cristiano_ronaldo/,1,u/Moazi6,6 months ago,1
Can somebody help me with positions of all outside the goals Ronaldo vs Messi. I think Ronaldo's one is more diverse. Just needed the stat for the same.,https://www.reddit.com/r/ronaldo/comments/qcwq3z/can_somebody_help_me_with_positions_of_all/,2,u/WideTangelo2241,6 months ago,1
ronaldooooo,https://www.reddit.com/r/ronaldo/comments/qbwfuo/ronaldooooo/,2,u/Moazi6,6 months ago,1
jerseys for next season,https://www.reddit.com/r/ronaldo/comments/q7r5iq/jerseys_for_next_season/,9,u/coupontoday,6 months ago,1
Ronaldo Golaaso in FIFA 22 - PS5 (Viva Ronaldo),https://www.reddit.com/r/ronaldo/comments/q74693/ronaldo_golaaso_in_fifa_22_ps5_viva_ronaldo/,3,u/SpiderBoyGaming,6 months ago,0
Is Ronaldo Actually More Efficient than Messi?,https://www.reddit.com/r/ronaldo/comments/q6xru4/is_ronaldo_actually_more_efficient_than_messi/,3,u/markanthonyadams,6 months ago,0
Finished sketching CHRISTIANO RONALDO,https://www.reddit.com/r/ronaldo/comments/q2crgr/finished_sketching_christiano_ronaldo/,8,u/BLACKPOOL_999,6 months ago,4
yo what does suiiii mean?,https://www.reddit.com/r/ronaldo/comments/q293rn/yo_what_does_suiiii_mean/,2,u/wherearemyweebs,6 months ago,2
Khabib Intense Faceoff With Ronaldoüêêüò≥,https://www.reddit.com/r/ronaldo/comments/q1zjqa/khabib_intense_faceoff_with_ronaldo/,1,u/tranox999,6 months ago,0
Argentina vs Portugal Futsal World Cup 2021 Final,https://www.reddit.com/r/ronaldo/comments/q14d7s/argentina_vs_portugal_futsal_world_cup_2021_final/,1,u/CrowneeFC,6 months ago,0
the great cr7,https://www.reddit.com/r/ronaldo/comments/po6mdo/the_great_cr7/,3,u/Quirky_Orchid_2778,7 months ago,0
Ronaldo Vs Messi - Who‚Äôs the GOAT?,https://www.reddit.com/r/ronaldo/comments/pnx3u1/ronaldo_vs_messi_whos_the_goat/,2,u/cryptoplatforms,7 months ago,1
Ronaldo when Fernandes takes the Pen,https://www.reddit.com/r/ronaldo/comments/pneot4/ronaldo_when_fernandes_takes_the_pen/,6,u/marinovegluposti,7 months ago,2
Cristiano Ronaldo Son is a Drake Fan (Cristiano Jr Rapping to Drake Song) üî•,https://www.reddit.com/r/ronaldo/comments/pna54t/cristiano_ronaldo_son_is_a_drake_fan_cristiano_jr/,2,u/SpiderBoyGaming,7 months ago,1
CR7 üî•üíØedit,https://www.reddit.com/r/ronaldo/comments/pmlng0/cr7_edit/,1,u/AS_Studios,7 months ago,4
Was lucky to see Ronaldo debut yesterday,https://www.reddit.com/r/ronaldo/comments/pmud55/was_lucky_to_see_ronaldo_debut_yesterday/,2,u/Repulsive-Rutabaga26,7 months ago,0
Hi is Ronaldo,https://www.reddit.com/r/ronaldo/comments/pmgs44/hi_is_ronaldo/,4,u/MR-N-XX,7 months ago,0
I believe.,https://www.reddit.com/r/ronaldo/comments/ploi1r/i_believe/,1,u/Candid_Pumpkin154,7 months ago,5
Some interesting facts here! If you‚Äôre a massive #CristianoRonaldo fan you will love this! https://youtu.be/TJfeja_Rw1M,https://www.reddit.com/r/ronaldo/comments/plcnks/some_interesting_facts_here_if_youre_a_massive/,3,u/Top10unknownSE,7 months ago,0
One of the best CR videos I have ever seen,https://www.reddit.com/r/ronaldo/comments/pl2y1b/one_of_the_best_cr_videos_i_have_ever_seen/,2,u/D3X96,7 months ago,0
https://www.redbubble.com/studio/promote/88251527?ref=uploader-to-promote&visit_status=first-time,https://www.reddit.com/r/ronaldo/comments/pkfpth/httpswwwredbubblecomstudiopromote88251527refupload/,2,u/Ok_Beautiful3694,7 months ago,1
